Virus,Treatment,Group1,Group2,ID,Date,Day,WBC,NEU,LYM,MON,EOS,BAS,NEU_p,LYM_p,MON_p,EOS_p,BAS_p,RBC,HGB,HCT,MCV,MCH,MCHC,RDW,PLT,MPV,ALB,ALP,ALT,AMY,TBIL,BUN,CA,PHOS,CRE,GLU,NA,K,TP,GLOB,Notes
H1N1,naive,yes,no,T7719,45785,-4,5.9,1.51,3.98,0.36,0.76,0.04,25.64,67.45,6.11,0.76,0.04,10.87,17.6,47.6,43.8,16.2,37,17.8,676,8.9,4.1,33,219,22,0.3,32,9.6,8,0.7,85,146,4.9,6.1,1.9,LIP2+
H3N2,naive,yes,no,T7720,45785,-4,7.36,2.35,4.42,0.34,0.24,0,31.93,60.11,4.62,3.3,0.04,9.45,15.7,41.7,44.1,16.6,37.6,17,654,8.5,3.9,27,284,19,0.4,34,9.7,8.4,0.8,105,148,4.8,5.8,2,HEM2+ LIP3+
H3N2,naive,yes,no,T7721,45785,-4,9.38,3.35,5.31,0.49,0.22,0.01,35.76,56.56,5.25,2.34,0.1,10.61,17.6,46.8,44.1,16.6,37.6,17.7,686,7.9,3.8,40,374,24,0.4,30,9.2,7.9,0.5,86,149,4.9,5.8,1.9,LIP3+
H3N2,naive,yes,no,T7722,45785,-4,8,2.54,4.93,0.31,0.21,0.01,31.76,61.63,3.89,2.63,0.08,9.33,14.6,39.8,42.7,15.6,36.7,18.4,394,8.3,3.7,28,141,19,0.4,26,9.7,7.9,0.6,107,149,4.8,5.7,2,HEM1+ LIP3+
H1N1,naive,yes,no,T7723,45785,-4,3.56,0.96,2.21,0.31,0.08,0,27.04,62,8.79,2.12,0.05,8.35,13.1,34.6,41.4,15.7,37.9,16.9,134,9.1,4.3,19,151,31,0.8,37,10.3,8.2,0.9,122,150,4.4,5.6,1.3,HEM2+ LIP3+
H1N1,naive,yes,no,T7724,45785,-4,8.56,2.18,5.75,0.35,0.24,0.04,25.52,67.13,4.13,2.8,0.4,9.37,14.5,39.6,42.3,15.5,36.6,18.4,561,8.3,3.8,41,199,22,0.5,35,9.7,7,0.7,123,145,5.3,5.1,1.4,HEM1+ LIP3+
H1N1,naive,yes,no,T7719,45789,0,5.36,1.03,3.89,0.33,0.09,0.02,19.15,72.5,6.17,1.77,0.41,9.89,16.3,43.1,43.6,16.5,37.8,17.2,593,8.7,4,10,168,17,0.3,18,9.8,6.5,<0.2*,113,145,4.7,5.7,1.7,HEM1+ LIP1+
H3N2,naive,yes,no,T7720,45789,0,5.96,2.28,3.17,0.34,0.17,0,38.22,53.25,5.68,2.81,0.05,9.9,16.8,43.7,44.1,17,38.4,17,573,8.8,3.8,30,302,21,0.4,25,9.7,6.9,0.5,111,148,4.8,5.8,2,HEM1+ LIP1+
H3N2,naive,yes,no,T7721,45789,0,6.38,2.05,3.65,0.48,0.2,0.01,32.17,57.16,7.48,3.08,0.11,10.09,16.5,44.6,44.2,16.4,37,17.7,641,8.7,3.8,23,501,21,0.3,22,9.5,7.3,0.5,112,147,4.7,5.6,1.9,LIP2+
H3N2,naive,yes,no,T7722,45789,0,6.54,2.4,4.1,0.27,0.12,0.01,31.15,62.75,4.06,1.9,0.14,10.3,17.2,44.1,42.8,16.7,39,18.2,443,9.5,3.7,26,173,17,0.3,29,9.9,6.7,0.6,132,143,5.2,5.7,2,HEM1+ LIP1+
H1N1,naive,yes,no,T7723,45789,0,4.12,1.22,2.51,0.24,0.14,0,29.67,60.86,5.94,3.47,0.06,10.35,16.4,43.4,41.9,15.8,37.8,17.8,464,8.7,3.7,8,125,15,0.3,18,9.8,7,<0.2*,164,144,4.7,5.3,1.6,HEM2+ LIP1+
H1N1,naive,yes,no,T7724,45789,0,9.34,2.48,6.11,0.55,0.19,0.02,26.51,65.42,5.84,1.99,0.23,8.99,14.8,38.6,42.9,16.5,38.3,17.8,650,8.6,3.8,13,219,16,0.3,20,9.6,6.9,<0.2*,182,144,4.9,5.5,1.7,HEM2+ LIP1+
H1N1,naive,yes,no,T7719,45790,1,2.52,1.44,0.85,0.2,0.03,0,57.25,33.56,7.9,1.22,0.07,10.41,16.4,45.4,43.6,15.8,36.1,16.7,474,8.5,3.8,11,134,28,0.3,10,9.2,4.9,<0.2*,128,146,4.8,5.5,1.7,HEM1+
H3N2,naive,yes,no,T7720,45790,1,5.44,2.07,2.84,0.36,0.15,0.01,38.11,52.24,6.7,2.77,0.16,9.92,15.8,43.6,44,15.9,36.2,17.4,587,8.8,3.8,17,305,20,0.3,21,9.8,7,0.4,126,149,5.1,5.8,1.9,HEM1+
H3N2,naive,yes,no,T7721,45790,1,5.78,2.11,3.26,0.26,0.14,0.01,36.49,56.47,4.51,2.36,0.18,10.45,17.2,46,44,16.5,37.4,17.4,715,8.4,3.7,14,481,16,0.3,19,9.4,6.4,0.3,113,146,4.7,5.7,1.9,HEM2+ LIP1+
H3N2,naive,yes,no,T7722,45790,1,6.98,1.96,4.54,0.32,0.14,0.01,28.04,65.11,4.62,2.05,0.19,9.87,16.2,42.5,43.1,16.4,38.1,17.8,451,9.2,3.7,16,196,17,0.3,18,9.9,6.6,0.5,156,151,5.5,5.8,2,HEM1+
H1N1,naive,yes,no,T7723,45790,1,5.2,3.49,1.03,0.5,0.16,0.01,67.15,19.84,9.7,3.07,0.24,10.33,16.7,43.3,41.9,16.2,38.6,17.5,596,8.9,3.7,11,138,24,0.3,10,9.2,6.2,0.2,126,147,4.9,5.3,1.6,HEM1+ LIP1+
H1N1,naive,yes,no,T7724,45790,1,5.46,2.97,1.89,0.47,0.12,0.02,54.34,34.67,8.55,2.14,0.29,9.34,15.2,40,42.8,16.3,38,17.4,463,8.6,3.8,21,299,24,0.3,12,9.3,5.7,0.3,150,144,5.7,5.5,1.7,HEM1+ LIP1+
H1N1,naive,yes,no,T7719,45791,2,7.18,4.43,2.1,0.47,0.22,0.02,61.65,29.22,5.83,3.06,0.24,9.16,14.6,39.8,43.4,15.9,36.7,16,334,9.6,3.4,11,184,24,0.7,15,9.1,5.7,<0.2*,131,146,5,5.5,2.1,HEM1+
H3N2,naive,yes,no,T7720,45791,2,5.8,3.75,1.46,0.47,0.11,0.01,64.68,25.1,8.04,1.97,0.21,9.69,15.3,42.2,43.6,15.8,36.3,16.4,445,8.6,3.8,10,293,19,0.3,12,9.7,5,<0.2*,141,147,5.7,5.9,2.1,HEM2+
H3N2,naive,yes,no,T7721,45791,2,4.89,3.44,0.98,0.33,0.21,0.02,69.08,19.62,6.59,4.23,0.47,9.31,14.6,41,44,15.7,35.6,16.6,503,8.9,3.6,16,430,18,0.4,12,8.9,4.4,<0.2*,124,142,4.6,5.5,1.9,HEM1+
H3N2,naive,yes,no,T7722,45791,2,7.82,5.69,1.23,0.74,0.15,0.01,72.78,15.67,9.48,1.93,0.14,9.59,15.1,41,42.8,15.7,36.8,17.4,377,9.8,3.7,5,181,18,0.3,13,9.3,5.4,0.4,149,144,4.8,5.9,2.1,HEM1+ LIP1+
H1N1,naive,yes,no,T7723,45791,2,9.4,6.7,1.97,0.35,0.34,0.04,71.32,20.97,3.75,3.58,0.38,10.85,16.4,45.5,41.9,15.1,36,17.5,341,10.4,3.3,12,142,27,0.3,14,9.2,6,0.3,124,146,5.1,5.4,2.1,LIP1+
H1N1,naive,yes,no,T7724,45791,2,9.38,5.21,3.45,0.36,0.3,0.06,55.51,36.76,3.87,3.17,0.68,8.77,14.4,37.6,42.9,16.4,38.3,17.1,242,10,3.2,14,269,25,0.5,18,9,5.8,<0.2*,131,142,4.6,5.2,1.9,HEM1+ '(W5)
H1N1,naive,yes,no,T7719,45793,4,6.68,3.1,3.06,0.36,0.16,0.01,46.34,45.75,5.4,2.38,0.14,9.68,15.4,42.4,43.8,15.9,36.3,16.3,551,11.5,3.3,18,136,28,0.4,15,9.4,7.3,0.2,125,144,5.5,5.5,2.2,HEM1+
H3N2,naive,yes,no,T7720,45793,4,7.6,2.85,4.07,0.36,0.3,0.01,37.54,53.57,4.75,3.98,0.16,9.17,15.1,40.3,44,16.5,37.5,16.3,534,11,3.3,17,169,22,0.3,28,9.8,7.6,0.4,124,147,4.7,5.4,2.1,LIP1+
H3N2,naive,yes,no,T7721,45793,4,7.82,2.86,4.33,0.43,0.19,0.01,36.54,55.41,5.45,2.42,0.17,8.84,14.9,38.7,43.8,16.9,38.5,16.3,611,10.4,3.2,25,268,22,0.4,21,9.4,8,0.4,136,148,5,5.3,2.1,HEM1+ LIP1+
H3N2,naive,yes,no,T7722,45793,4,6.9,3.56,2.68,0.45,0.2,0.01,51.65,38.8,6.55,2.86,0.14,11.17,17.7,47.8,42.8,15.8,37,17.4,387,11.1,3.1,<5*,129,18,0.3,10,9.3,6.5,0.2,155,141,5,5.5,2.3,HEM1+
H1N1,naive,yes,no,T7723,45793,4,7.28,3.53,3.13,0.26,0.36,0.01,48.44,42.96,3.58,4.88,0.15,9.47,14.7,39.3,41.5,15.5,37.4,16.8,434,11.1,3,12,96,24,0.4,23,9.1,8.4,0.7,100,150,5.5,5.3,2.3,LIP2+
H1N1,naive,yes,no,T7724,45793,4,6.32,2.76,3.11,0.32,0.13,0.01,43.65,49.15,5.03,2.1,0.08,8.72,14.4,37.1,42.5,16.5,38.8,17.1,631,11.3,3,14,180,27,0.3,12,9.2,7.1,0.3,140,138,5.3,5.1,2,HEM1+
H1N1,naive,yes,no,T7719,45795,6,12.48,5.67,5.68,0.76,0.33,0.04,45.43,45.54,6.08,2.67,0.32,10.59,16.6,45.9,43.3,15.7,36.2,16.9,666,11.6,3.3,16,125,23,0.3,29,9.5,8.4,0.4,102,146,5,5.3,1.9,HEM1+
H3N2,naive,yes,no,T7720,45795,6,8.26,4.64,2.57,0.75,0.28,0.01,56.19,31.08,9.13,3.43,0.17,9.48,15.5,41.7,44,16.4,37.2,16.6,608,10.1,3.1,10,105,17,0.3,11,9.4,6.8,0.2,106,145,5.1,5.2,2,HEM2+ LIP1+
H3N2,naive,yes,no,T7721,45795,6,9.64,5.31,3.23,0.81,0.27,0.01,55.06,33.51,8.45,2.85,0.13,9.03,15,39.9,44.2,16.6,37.6,17.3,797,9.6,3.3,21,212,19,0.3,14,9,7,0.5,123,149,5,5,1.7,HEM1+ LIP1+
H3N2,naive,yes,no,T7722,45795,6,8.96,4.25,3.74,0.55,0.37,0.05,47.48,41.76,6.1,4.15,0.51,11.29,17.6,47.9,42.4,15.6,36.7,18,551,10.7,3.1,5,135,15,0.3,10,9.1,6.7,0.3,119,144,5.8,5.2,2.2,HEM1+ LIP1+
H1N1,naive,yes,no,T7723,45795,6,13.6,6.6,5.49,0.89,0.52,0.1,48.54,40.39,6.54,3.8,0.75,8.23,12.5,34.1,41.4,15.2,36.7,16.4,474,10.9,3,9,81,18,0.3,21,9.5,8.2,0.5,112,145,5.1,5.2,2.2,LIP1+
H1N1,naive,yes,no,T7724,45795,6,16.46,5.55,9.36,1.08,0.38,0.09,33.73,56.84,6.57,2.3,0.56,11.22,17.3,47.8,42.6,15.4,36.7,18.7,611,9.9,3.1,16,181,26,0.3,13,9.2,7.9,<0.2*,95,141,5.6,5.1,2,HEM2+
H1N1,naive,yes,no,T7719,45799,10,9.6,2.84,5.75,0.62,0.24,0.16,29.55,59.88,6.43,2.51,1.64,9.11,13.9,39.8,43.7,15.3,34.9,16.3,442,10.5,3.7,10,78,21,0.3,31,9.9,7.2,0.4,116,147,4.8,5.6,1.9,LIP1+
H3N2,naive,yes,no,T7720,45799,10,5.68,2.5,2.68,0.38,0.11,0.02,43.93,47.12,6.73,1.95,0.28,9.25,16.1,41,44.3,17.4,39.3,17,595,9.7,3.5,23,75,18,0.3,22,9.5,6.8,0.4,104,144,4.8,5.5,2.1,LIP1+
H3N2,naive,yes,no,T7721,45799,10,9.44,4.86,3.27,1.11,0.19,0.01,51.48,34.66,11.75,2.05,0.07,9.83,16,44,44.8,16.3,36.4,17.5,668,8.9,3.3,<5*,92,13,0.3,10,8.8,5.2,<0.2*,130,142,4.8,4.9,1.6,HEM1+ LIP1+
H3N2,naive,yes,no,T7722,45799,10,7.22,2.4,4.23,0.37,0.21,0.01,33.19,58.62,5.09,2.93,0.17,11.29,17.7,48.5,43,15.7,36.5,17.8,418,9.8,3.3,20,131,14,0.3,27,9.2,7.2,0.6,105,146,4.6,5,1.7,LIP1+
H1N1,naive,yes,no,T7723,45799,10,9.62,2.98,5.74,0.59,0.3,0.01,30.94,59.69,6.15,3.07,0.15,10.03,15.7,42.1,42,15.7,37.3,18.3,421,10.4,3.6,8,66,19,0.3,29,10,8.4,0.7,97,144,5,5.7,2.1,LIP2+
H1N1,naive,yes,no,T7724,45799,10,12.5,2.96,8.41,0.85,0.25,0.03,23.7,67.29,6.78,1.96,0.27,9.79,15.7,42.9,43.5,16,38.9,19.1,542,9.9,3.9,21,105,29,0.3,26,10.3,8.2,0.5,99,153,5.1,5.8,1.9,HEM1+ LIP1+
H1N1,naive,yes,no,T7719,45803,15,4.42,1.38,2.77,0.2,0.06,0.01,31.33,62.68,4.53,1.26,0.19,9.96,16.1,43.8,44,16.2,36.8,17.1,637,8.9,4.1,11,192,20,0.3,19,10.2,5.7,0.3,115,148,4.7,6.1,1.9,HEM2+
H3N2,naive,yes,no,T7720,45803,15,4.3,1.64,2.24,0.25,0.15,0.02,38.11,52.06,5.77,3.56,0.49,9.59,15.7,42.5,44.3,16.4,36.9,17,537,8.9,3.7,18,86,18,0.3,18,9.5,5.4,<0.2*,118,144,4.7,5.7,1.9,LIP1+
H3N2,naive,yes,no,T7721,45803,15,8.64,4.98,2.54,0.96,0.15,0.02,57.65,29.39,11.06,1.69,0.21,9.13,15.3,40.8,44.7,16.8,37.5,16.7,641,8.4,3.6,14,80,16,0.3,14,9.2,5.6,<0.2*,120,149,4.6,5.3,1.7,HEM1+ LIP1+
H3N2,naive,yes,no,T7722,45803,15,5.26,1.91,2.91,0.27,0.14,0.03,36.33,55.27,5.1,2.72,0.58,9.62,15.6,41.2,42.8,16.2,37.9,17.9,371,8.9,3.7,19,71,18,0.3,10,9.7,5.4,0.2,122,147,4.7,5.4,1.7,HEM1+
H1N1,naive,yes,no,T7723,45803,15,4.98,1.41,3.26,0.16,0.15,0,28.27,65.55,3.13,3.06,0,11.17,17.1,46.4,41.5,15.3,36.9,18.8,407,8.8,3.7,26,67,16,0.3,13,10,6.3,0.3,109,149,4.8,5.5,1.8,LIP1+
H1N1,naive,yes,no,T7724,45803,15,7.6,1.65,5.38,0.35,0.2,0.02,21.77,70.83,4.57,2.57,0.26,9.73,15.6,42.1,43.3,16,37.1,18.4,611,9.5,3.9,26,131,19,0.3,19,10.1,5.9,0.2,116,154,5.1,5.8,2,LIP1+
H5_TX37,naive,yes,no,T7725,45877,-4,10.3,3.68,5.42,0.94,0.26,0.01,35.69,52.6,9.14,2.53,0.08,9.78,15.1,40.4,41.3,15.4,37.4,17.3,617,8.4,,,,,,,,,,,,,,,
H5_TX37,naive,yes,no,T7726,45877,-4,8.84,2.81,4.84,0.92,0.28,0,31.75,54.72,10.36,3.13,0.04,8.95,14.4,39.3,43.9,16.1,36.6,17.5,741,8.5,,,,,,,,,,,,,,,
H5_TX37,naive,yes,no,T7727,45877,-4,9.48,4.63,4.14,0.34,0.36,0.01,48.88,43.63,3.63,3.77,0.09,8.56,14.1,37.4,43.7,16.5,37.7,17.5,512,7,,,,,,,,,,,,,,,
H5_MI90,naive,yes,no,T7728,45877,-4,6.72,2.75,3.43,0.28,0.26,0,40.98,51.11,4.1,3.8,0.02,8.64,13.8,38,44,16,36.3,16.7,529,8.2,,,,,,,,,,,,,,,
H5_MI90,naive,yes,no,T7729,45877,-4,11.28,4.22,6.21,0.45,0.37,0.03,37.4,55.08,3.97,3.32,0.23,9.88,16.2,42.4,42.9,16.4,38.2,17,482,8.8,,,,,,,,,,,,,,,
H5_MI90,naive,yes,no,T7730,45877,-4,8.42,3.65,4.13,0.5,0.13,0.01,43.36,49.05,5.89,1.58,0.12,9.64,15.3,40,41.5,15.9,38.2,17.6,635,7.5,,,,,,,,,,,,,,,
H5_TX37,naive,yes,no,T7725,45885,0,8.88,2.78,5.35,0.53,0.2,0.02,31.3,60.26,5.95,2.29,0.2,9.74,15,40.7,41.8,15.4,36.9,17.1,568,8.9,3.8,21,82,15,0.3,29,9.8,6.6,0.5,161,146,5.2,5.7,1.9,
H5_TX37,naive,yes,no,T7726,45885,0,9.54,2.79,5.86,0.63,0.24,0.02,29.2,61.43,6.65,2.55,0.17,8.97,14.5,39.6,44.1,16.2,36.6,17.6,720,8.5,4,28,107,18,0.3,32,10.1,7.8,0.7,162,148,5.4,5.8,1.8,
H5_TX37,naive,yes,no,T7727,45885,0,5.68,1.34,3.95,0.23,0.15,0.01,23.54,69.61,4.11,2.65,0.09,8.75,13.8,38.8,44.5,15.8,35.6,17.5,578,7.6,3.5,30,101,15,0.3,33,9.8,6.8,0.6,157,144,5.2,5,1.6,
H5_MI90,naive,yes,no,T7728,45885,0,7.38,2.48,4.38,0.35,0.16,0.02,33.58,59.3,4.71,2.17,0.25,8.2,13.5,37.6,45.8,16.5,35.9,17.1,548,9.3,4.2,35,101,15,0.3,37,9.9,7.2,0.6,128,147,4.9,5.9,1.7,
H5_MI90,naive,yes,no,T7729,45885,0,7.86,3.35,3.08,0.47,0.16,0,42.58,49.36,5.97,2.04,0.06,9.39,14.7,40.8,43.4,15.7,36,18,638,8.2,3.8,22,106,19,0.3,31,9.7,8.1,0.7,120,144,5,5.7,1.9,
H5_MI90,naive,yes,no,T7730,45885,0,6.74,2.29,3.76,0.52,0.17,0,33.96,55.74,7.77,2.46,0.07,9.18,14.3,38.5,41.9,15.6,37.1,17.3,784,7.9,3.8,22,128,20,0.2,30,9.9,7,0.7,110,148,5.1,6.3,2.5,
H1N1_TX37,immune,no,yes,T7719,45885,0,5.04,1.48,3.22,0.17,0.16,0.01,29.38,63.82,3.36,3.18,0.26,9.34,15.4,41.4,44.3,16.5,37.2,16.5,661,8.7,4.4,24,251,14,0.3,41,10,7.4,0.8,147,152,4.7,5.9,1.5,
H1N1_TX37,immune,no,yes,T7723,45885,0,9.02,2.47,6.01,0.28,0.24,0.02,27.37,66.67,3.15,2.16,0.2,10.03,15.7,41.5,41.4,15.7,37.8,17.3,462,8,4,21,106,18,0.4,41,9.9,8,0.8,98,147,4.5,5.4,1.5,
H1N1_TX37,immune,no,yes,T7724,45885,0,8.86,2.51,5.4,0.84,0.1,0.01,28.33,60.98,9.49,1.1,0.1,6.27,9.6,26.5,42.3,15.5,36.2,16,442,9.6,3.4,38,278,19,0.3,30,9.5,6.5,0.5,162,144,5.1,5.8,2.4,
H3N2_TX37,immune,no,yes,T7720,45885,0,9.22,5.72,2.35,0.8,0.3,0.05,62.05,25.52,8.65,3.23,0.55,9.02,14.1,39.5,43.8,16,36.5,16.4,197,7.5,4,24,156,17,0.3,31,9.9,6.1,0.7,167,147,4.6,5.7,1.7,
H3N2_TX37,immune,no,yes,T7721,45885,0,7.26,2.87,3.78,0.45,0.15,0.01,39.87,52.07,6.15,2.07,0.14,10.19,16.3,44,43.2,16,37,17.3,445,8.5,3.9,23,141,25,0.3,37,9.7,8,0.7,123,148,5,5.5,1.6,
H3N2_TX37,immune,no,yes,T7722,45885,0,8.62,4.14,3.45,0.75,0.27,0.01,47.98,40.03,8.65,3.19,0.15,9.17,15.3,40.3,44,16.7,38,16.6,680,7.6,4.1,31,334,19,0.3,30,9.6,6.5,0.6,143,143,4.9,5.7,1.6,
H5_TX37,naive,yes,yes,T7725,45886,1,6.76,4.68,1.37,0.5,0.2,0.01,69.25,20.24,7.4,2.97,0.13,9.52,14.7,39.6,41.6,15.4,37.1,17.1,452,8.3,3.9,13,90,20,0.3,14,9.3,4.6,0.5,175,140,5.7,5.8,1.9,
H5_TX37,naive,yes,yes,T7726,45886,1,5.2,3.44,1.19,0.41,0.15,0.01,66.05,22.8,7.97,2.9,0.27,8.37,13.8,37.3,44.6,16.5,37,17.2,469,8.5,4.1,17,179,31,0.3,15,9.7,5.4,0.2,214,135,5.1,5.9,1.8,
H5_TX37,naive,yes,yes,T7727,45886,1,6.42,3.9,1.57,0.65,0.25,0.06,60.59,24.4,10.06,3.97,0.88,8.72,14.2,38.5,44.2,16.3,36.9,17.7,288,6.9,3.5,24,116,17,0.3,17,9.6,5.3,0.5,168,146,5.5,5.1,1.6,
H5_MI90,naive,yes,no,T7728,45886,1,3.06,1.87,0.88,0.25,0.05,0,61.16,28.74,8.27,1.73,0.11,7.41,12.1,32.8,44.2,16.3,36.9,17,436,8,3.9,20,98,25,0.3,15,9.4,4.1,0.6,143,142,5,5.7,1.7,
H5_MI90,naive,yes,no,T7729,45886,1,4.52,2.56,1.68,0.19,0.09,0,56.56,37.27,4.26,1.91,0,8.83,14.2,38.1,43.2,16.1,37.3,16.9,519,8.8,3.7,23,103,22,0.3,16,9.3,5.7,0.4,152,143,5.7,5.6,1.9,
H5_MI90,naive,yes,no,T7730,45886,1,7.88,4.9,2.07,0.5,0.35,0.06,62.2,26.31,6.36,4.4,0.72,8.49,13.6,36.6,42.8,16,37.5,16.8,212,9.5,3.7,18,127,22,0.3,20,9.8,5.9,0.5,167,145,5.3,6.1,2.4,
H1N1_TX37,immune,no,yes,T7719,45886,1,4.8,3.33,1.08,0.24,0.15,0.01,69.4,22.45,4.9,3.1,0.14,9.13,15,40.3,44.1,16.4,37.2,15.9,520,9.1,4.4,24,242,24,0.3,16,9.8,6,0.7,150,146,5.5,6,1.6,
H1N1_TX37,immune,no,yes,T7723,45886,1,7.58,4.98,1.83,0.15,0.21,0.01,65.66,24.1,7.31,2.79,0.15,11.04,17.1,45.8,41.5,15.5,37.3,17.6,376,8.3,3.8,17,129,22,0.3,20,9.7,5.9,0.6,134,146,5.1,5.2,1.4,
H1N1_TX37,immune,no,yes,T7724,45886,1,9.48,6.19,2.1,0.87,0.29,0.02,65.31,22.19,9.21,3.06,0.23,7.51,11.7,32,42.6,15.6,36.6,16.4,572,11.1,3.4,23,214,16,0.3,15,9.6,4.4,0.4,171,146,5.4,5.9,2.5,
H3N2_TX37,immune,no,yes,T7720,45886,1,7.24,5.24,1.12,0.61,0.25,0.01,72.41,15.53,8.41,3.44,0.17,9.47,15.4,40.9,43.2,16.3,37.7,16.1,490,7.8,3.9,27,153,21,0.3,23,9.7,5.1,0.6,130,147,5.3,5.8,1.8,
H3N2_TX37,immune,no,yes,T7721,45886,1,4.6,3.18,0.83,0.43,0.16,0,69.12,18.09,9.3,3.49,0,8.99,14,39.2,43.6,15.6,35.7,16.4,524,7.4,3.7,23,370,21,0.3,18,9,5.4,0.6,151,142,5.7,5.5,1.8,
H3N2_TX37,immune,no,yes,T7722,45886,1,7.6,5.67,0.97,0.78,0.17,0.01,74.6,12.73,10.31,2.18,0.12,10.04,15.2,43.4,45.2,15.1,35,17,394,7.9,3.8,16,143,20,0.3,11,9.4,5.3,0.4,174,144,5,5.5,1.7,
H5_TX37,naive,yes,yes,T7725,45887,2,4.64,2.76,1.51,0.26,0.1,0.01,59.58,32.53,5.65,2.07,0.17,10.38,16,43.2,41.6,15.4,37,17.3,294,9.1,3.2,22,123,19,0.4,19,8.6,5.6,0.4,192,150,5.5,5.6,2.3,
H5_TX37,naive,yes,yes,T7726,45887,2,2.7,1.64,0.84,0.12,0.1,0,60.66,31.17,4.49,3.56,0.12,9.86,15.4,43.7,44.3,15.6,38.2,17.3,419,10,3.6,24,359,24,0.5,16,9,6.4,0.4,216,137,4.9,5.6,1.9,
H5_TX37,naive,yes,yes,T7727,45887,2,3.88,2.49,0.86,0.4,0.12,0.01,64.22,22.19,10.36,3.1,0.13,10.19,16.3,44.7,43.9,16,36.5,17.8,326,7.9,3,12,451,17,0.6,15,9,6,0.3,176,145,5.3,5.1,2.1,
H5_MI90,naive,yes,no,T7728,45887,2,3.9,2,1.52,0.21,0.14,0.02,51.31,38.87,5.51,3.69,0.63,7.25,11,32,44.1,15.2,34.4,16.6,232,9.6,3.6,15,174,28,0.4,12,9.1,5.4,0.3,177,150,5.1,5.6,2,
H5_MI90,naive,yes,no,T7729,45887,2,7.26,4.42,2.25,0.35,0.2,0.05,60.88,30.98,4.76,2.7,0.68,8.43,13.3,36.2,43,15.8,36.7,16.6,156,8.8,3.4,12,119,22,0.4,14,9.4,5.9,0.4,150,148,4.8,5.6,2.1,
H5_MI90,naive,yes,no,T7730,45887,2,5.74,3.27,1.94,0.33,0.2,0.01,56.94,33.73,5.69,3.51,0.13,9,13.9,38.1,42.3,15.4,36.5,16.9,550,8.9,3.3,21,154,20,0.4,25,9.5,6.1,0.5,139,147,4.7,5.7,2.4,
H1N1_TX37,immune,no,yes,T7719,45887,2,6.58,4.32,1.39,0.66,0.19,0.02,65.66,21.06,10.09,2.88,0.32,9.81,15.5,42.5,49.9,15.8,43.7,16,371,8.7,3.9,18,269,21,0.8,13,9.4,4.8,0.3,165,143,4.9,5.8,2,
H1N1_TX37,immune,no,yes,T7723,45887,2,4.24,2.82,1.06,0.17,0.18,0,66.57,24.99,4.07,4.36,0,8.69,13.1,36.3,41.8,15.1,36.1,16.3,271,9.4,3.4,5,167,21,0.5,15,8.9,5.7,0.2,164,146,4.7,5.4,1.9,
H1N1_TX37,immune,no,yes,T7724,45887,2,5.26,2.96,1.62,0.58,0.09,0.01,56.26,30.89,10.97,1.76,0.13,6.43,9.7,27.2,42.3,15.1,35.7,16.5,505,11.5,3,27,204,14,0.4,15,9,4.9,0.2,141,142,5.2,5.6,2.6,
H3N2_TX37,immune,no,yes,T7720,45887,2,5.24,3.88,0.93,0.35,0.07,0,74.1,17.84,6.77,1.25,0.03,8.8,14.1,38,43.2,16,37.1,16.2,375,9.3,3.5,14,195,15,0.5,15,9.2,4.9,0.4,164,144,5,5.6,2.1,
H3N2_TX37,immune,no,yes,T7721,45887,2,3.64,2.77,0.5,0.27,0.1,0.01,75.98,13.64,7.46,2.73,0.19,8.61,13.5,38.2,44.4,15.7,35.3,15.9,366,9.9,3.4,24,458,22,1,21,8.5,5.2,0.4,189,145,5.3,5.4,2.1,
H3N2_TX37,immune,no,yes,T7722,45887,2,4.98,3.86,0.53,0.43,0.16,0,77.42,10.63,8.7,3.21,0.03,9.38,14.9,40.2,42.9,15.9,37.1,16.6,272,9.8,3.3,21,629,24,0.5,18,8.4,5.7,0.3,204,143,4.8,5.5,2.1,
H5_MI90,naive,yes,no,T7728,45889,4,3.32,1.71,1.35,0.08,0.17,0.02,51.45,40.56,2.44,5.05,0.51,9.08,14.8,39.8,43.6,16.3,37.4,17.1,486,10.9,3.2,13,143,32,0.4,11,9,6.3,0.3,139,148,5,5.3,2.1,
H5_MI90,naive,yes,no,T7729,45889,4,6.18,3.37,2.34,0.21,0.24,0.01,54.61,37.94,3.39,3.82,0.24,9.35,15,40.1,42.9,16,37.4,17,450,11.1,2.9,24,108,27,0.4,18,9.8,7.9,0.4,158,152,5.4,5.1,2.2,
H5_MI90,naive,yes,no,T7730,45889,4,3.48,2.02,1.19,0.11,0.16,0.01,57.94,34.16,3.21,4.47,0.16,10.32,16.4,43.3,42,15.9,37.9,17,371,9.9,3.1,14,133,29,0.4,23,9.5,6,0.4,141,152,4.9,5.7,2.6,
H1N1_TX37,immune,no,yes,T7723,45889,4,4.48,2.72,1.37,0.17,0.2,0.01,60.64,30.6,3.9,4.57,0.28,8.53,13.1,34.8,41.8,15.7,37.6,16.4,483,11.7,2.8,21,232,21,1,16,8.8,7.6,0.4,150,145,5,5.1,2.4,
H1N1_TX37,immune,no,yes,T7724,45889,4,4.68,2.85,1.31,0.34,0.17,0.02,60.89,27.95,7.28,3.53,0.36,7.02,11.3,29.3,42.3,16.1,38,16.5,554,11.9,2.6,21,124,104,0.4,13,8.3,7.1,0.3,187,139,5.6,5.1,2.5,
H3N2_TX37,immune,no,yes,T7720,45889,4,5.56,3.85,1.19,0.36,0.15,0.01,69.25,21.43,6.48,2.68,0.16,9.58,15.3,41.4,43.2,16,37,15.7,466,11.3,2.7,22,184,25,0.5,15,8.3,6.7,0.2,172,144,5.4,5,2.3,
H3N2_TX37,immune,no,yes,T7721,45889,4,2.71,1.67,0.8,0.13,0.12,0.01,61.37,29.24,4.66,4.23,0.51,8.88,14.8,38.7,43.6,16.7,38.2,16,527,10.6,2.8,55,1008,55,2.2,25,7.5,7.7,0.3,185,142,5.7,4.8,2,
H3N2_TX37,immune,no,yes,T7722,45889,4,4.43,2.43,1.34,0.22,0.3,0.01,56.5,31.12,5.16,6.92,0.3,11.6,19.2,49.8,42.9,16.6,38.6,17.1,367,11.7,2.4,30,556,159,0.6,39,7.2,9.7,0.3,261,145,6.1,4.9,2.5,
H5_MI90,naive,yes,no,T7728,45891,6,5.4,2.96,1.81,0.46,0.15,0.02,54.77,33.57,8.47,2.85,0.34,9.14,14.5,39.3,43,15.9,36.9,17,482,10.6,2.7,22,126,33,0.4,12,9.1,7,0.4,135,148,5.2,4.8,2,
H5_MI90,naive,yes,no,T7729,45891,6,7.64,4.11,3.03,0.3,0.18,0.01,53.76,39.72,3.98,2.4,0.14,8.87,13.6,37.7,42.5,15.3,36.1,16.8,479,11,2.7,24,100,20,0.3,22,9.5,7.1,0.6,128,147,5.2,4.9,2.2,
H5_MI90,naive,yes,no,T7730,45891,6,4.72,2.57,1.79,0.16,0.2,0.01,54.39,37.85,3.4,4.17,0.19,8.58,13,36,42,15.2,36.1,16.5,752,9.8,3,14,103,27,0.3,17,9.5,5.4,0.4,136,150,5.2,5.7,2.7,
H1N1_TX37,immune,no,yes,T7723,45891,6,7.38,2.6,4.12,0.38,0.28,0.01,35.27,55.76,5.11,3.8,0.07,7.74,11.6,31.9,41.2,15,36.4,15.7,495,10.8,2.7,31,193,23,0.7,26,9,6.7,0.5,130,146,4.9,5.5,2.8,
H1N1_TX37,immune,no,yes,T7724,45891,6,5.28,2.04,2.65,0.49,0.1,0,38.7,50.18,9.23,1.87,0.01,8.68,13.1,36,41.5,15.1,36.4,17.6,709,10.5,2.6,27,116,19,0.4,9,8.4,8.7,0.6,196,142,6.5,5,2.5,
H3N2_TX37,immune,no,yes,T7720,45891,6,5.6,4.02,0.69,0.68,0.19,0.01,71.81,12.37,12.34,3.4,0.09,9.16,15,39.6,43.2,16.4,37.9,16.2,432,11,2.5,24,467,44,0.6,11,8.3,6.4,<0.2*,208,139,5.4,5.3,2.8,
H3N2_TX37,immune,no,yes,T7721,45891,6,6,3.12,2.02,0.6,0.24,0.02,51.99,33.62,10.05,4.07,0.27,9.98,16.7,43.6,43.6,16.7,38.3,16.4,386,11.5,2.4,89,634,45,2.2,15,7.4,7.7,0.3,167,140,5.9,4.8,2.4,
H3N2_TX37,immune,no,yes,T7721,45892,7,4.14,1.79,1.38,0.95,0.02,0,43.33,33.25,22.92,0.42,0.07,7.42,12,31.82,42.9,16.2,37.7,15.5,394,11.6,2.4,87,456,40,1.4,39,7.8,9.2,<0.2*,250,141,5.4,4.6,2.2,
H3N2_TX37,immune,no,yes,T7720,45893,8,10.04,6.82,1.41,1.31,0.34,0.1,67.94,14,13.7,3.4,0.96,9.74,15.5,42.5,43.4,15.9,36.6,16.9,448,11,2.9,92,867,31,0.7,27,9.1,7.7,<0.2*,186,143,4.5,6.5,3.6,
H5_MI90,naive,yes,no,T7728,45895,10,5.54,1.28,3.74,0.41,0.1,0.01,23.06,67.45,7.49,1.86,0.16,7.9,12.7,34.3,43.4,16.1,37,17.6,628,8.7,3.6,16,56,23,0.3,25,9.8,6.8,0.5,106,150,4.9,5.5,1.9,
H5_MI90,naive,yes,no,T7729,45895,10,7.46,2.91,3.79,0.65,0.11,0,39.09,50.8,8.7,1.42,0.05,9.03,14.1,38,43,15.6,36.3,18.4,716,8.8,3.3,17,65,17,0.3,21,9.7,6.5,0.3,150,148,5.2,5.6,2.3,
H5_MI90,naive,yes,no,T7730,45895,10,5.6,1.7,3.35,0.47,0.08,0.01,30.35,59.8,8.31,1.4,0.15,7.85,12.4,33.3,42.5,16.8,37.2,17.2,731,8.9,3.5,21,71,17,0.3,23,9.7,6.1,0.5,141,149,5,5.9,2.4,
H1N1_TX37,immune,no,yes,T7723,45895,10,5.56,1.01,3.35,0.37,0.22,0,29.02,60.24,6.67,4.02,0.06,8.73,14.3,37.1,42.5,16.3,38.3,18.7,622,8.8,3.5,22,73,18,0.4,23,10.2,7,0.8,115,149,5.1,5.7,2.2,
H1N1_TX37,immune,no,yes,T7724,45895,10,12.8,5.03,6.17,1.4,0.19,0.01,39.32,48.21,10.94,1.49,0.04,8.97,13.9,38,42.4,15.5,36.6,18.4,740,8.2,3.4,55,135,17,0.4,10,10,6.8,0.5,125,146,5.7,5.5,2,
H1N1_TX37,immune,no,yes,T7724,45896,11,11.18,5.97,3.59,1.36,0.25,0.01,53.41,32.11,12.16,2.29,0.09,9.71,14.6,40.5,41.7,15,36,18.8,631,8,3.4,54,122,13,0.4,19,9.9,7,0.3,130,148,5.2,5.6,2.2,
H5_MI90,naive,yes,no,T7728,45902,17,6.62,1.3,4.81,0.49,0.1,0,19.3,71.6,7.23,1.65,0,9.91,14.9,41.6,42,15,35.8,18.2,589,8.2,4,20,63,17,0.3,33,9.8,9.3,0.7,117,150,5.2,5.9,1.9,
H5_MI90,naive,yes,no,T7729,45902,17,7.44,2.1,4.59,0.65,0.1,0,28.25,61.63,8.68,1.38,0.06,10.53,16,45.1,42,15.2,35.5,18.4,449,8.7,3.5,25,86,15,0.3,34,9.8,8.5,0.8,152,150,5.7,5.7,2.1,
H5_MI90,naive,yes,no,T7730,45902,17,6.82,1.14,5.08,0.56,0.05,0,16.67,74.51,8.16,0.66,0,9.5,14.6,39.9,42,15.4,36.6,18.2,627,7,3.7,22,87,16,0.3,30,10,7.1,0.6,138,149,5.1,6,2.3,
H1N1_TX37,immune,no,yes,T7723,45902,17,7.32,2.17,4.46,0.5,0.19,0.01,29.64,60.93,6.79,2.56,0.07,10.25,16.4,44.1,43,16,37.2,17.8,552,8.6,3.6,31,54,15,0.3,28,9.9,8.9,0.7,117,148,5.1,5.5,1.9,
