Virus,Treatment,Group1,Group2,ID,Date,Day,Weekday,Weight,Temp,Blood_Collection,NW,RS,BD,Lethargy,Mentation,Nasal_Discharge,Sneeze,Ab_Breathing,Decrease_or_Lack_Grooming,Hunched,Facial,Neuro,Hydration,Diarrhea,Anemia,Yellow_Sera,temp_change,weight_change,wt_loss_cum_p,euth,euth_day,notes
H1N1,naive,yes,no,T7719,45785,-4,Thursday,1250,,Y,,,,0,B,N,N,N,N,,N,N,G,N,N,N,,,,,,
H1N1,naive,yes,no,T7719,45789,0,Monday,1218,38.8,Y,,,,0,B,N,N,N,N,,N,N,G,N,N,N,0,100,0,,,
H1N1,naive,yes,no,T7719,45790,1,Tuesday,1178,40,Y,1600000,0,,0,B,N,N,N,N,,N,N,G,N,N,N,1.2,96.72,3.28,,,
H1N1,naive,yes,no,T7719,45791,2,Wednesday,1122,38.7,Y,70000,0,,0,B,N,Y,N,N,,N,N,G,N,N,N,-0.1,92.12,7.88,,,
H1N1,naive,yes,no,T7719,45792,3,Thursday,1064,39.2,,,,,0,B,N,Y,N,N,,N,N,G,N,N,N,0.4,87.36,12.64,,,
H1N1,naive,yes,no,T7719,45793,4,Friday,1100,37.8,Y,50000,0,,0,B,N,N,N,Y,,N,N,G,N,N,N,-1,90.31,9.69,,,decreased grooming
H1N1,naive,yes,no,T7719,45794,5,Saturday,1112,39.3,,,,,0,B,N,N,N,Y,,N,N,G,N,N,N,0.5,91.3,8.7,,,decreased grooming
H1N1,naive,yes,no,T7719,45795,6,Sunday,1120,39,Y,100,0,,0,B,N,Y,N,N,,N,N,G,N,N,N,0.2,91.95,8.05,,,
H1N1,naive,yes,no,T7719,45796,7,Monday,1124,38.6,,,,,1,D,N,Y,N,Y,,N,N,G,N,N,N,-0.2,92.28,7.72,,,"decreased grooming, lethargy 0.5-1"
H1N1,naive,yes,no,T7719,45797,8,Tuesday,1132,38.7,,0,0,,0,Q,N,N,N,N,,N,N,G,N,N,N,-0.1,92.94,7.06,,,
H1N1,naive,yes,no,T7719,45798,9,Wednesday,1122,38.9,,,,,0,Q,N,N,N,N,,N,N,G,N,N,N,0.1,92.12,7.88,,,
H1N1,naive,yes,no,T7719,45799,10,Thursday,1136,39.3,Y,0,0,,0,B,N,N,N,N,,N,N,G,N,N,N,0.5,93.27,6.73,,,
H1N1,naive,yes,no,T7719,45800,11,Friday,1128,38.5,,,,,0,Q,N,N,N,N,,N,N,G,N,N,N,-0.3,92.61,7.39,,,
H1N1,naive,yes,no,T7719,45801,12,Saturday,1136,39.1,,,,,,,,,,,,,,,,,,0.3,93.27,6.73,,,
H1N1,naive,yes,no,T7719,45802,13,Sunday,1138,38.8,,,,,,,,,,,,,,,,,,0,93.43,6.57,,,
H1N1,naive,yes,no,T7719,45803,14,Monday,1136,38.5,,,,,,,,,,,,,,,,,,-0.3,93.27,6.73,,,
H1N1,naive,yes,no,T7719,45804,15,Tuesday,1122,39.4,Y,,,,0,B,N,N,N,N,,N,N,G,N,N,N,0.6,92.12,7.88,,,
H1N1,naive,yes,no,T7723,45785,-4,Thursday,1350,,Y,,,,0,B,N,N,N,N,,N,N,G,N,N,N,,,,,,
H1N1,naive,yes,no,T7723,45789,0,Monday,1318,38.7,Y,,,,0,B,N,N,N,N,,N,N,G,N,N,N,0,100,0,,,
H1N1,naive,yes,no,T7723,45790,1,Tuesday,1274,39.8,Y,50000000,0,,0,B,N,N,N,N,,N,N,G,N,N,N,1.1,96.66,3.34,,,
H1N1,naive,yes,no,T7723,45791,2,Wednesday,1180,39.5,Y,400000,0,,0,Q,N,N,N,N,,N,N,G,N,N,N,0.8,89.53,10.47,,,
H1N1,naive,yes,no,T7723,45792,3,Thursday,1154,38.8,,,,,0,Q,N,N,N,N,,N,N,G,N,N,N,0.1,87.56,12.44,,,
H1N1,naive,yes,no,T7723,45793,4,Friday,1264,38.8,Y,24000,0,,0,B,N,Y,N,N,,N,N,G,N,N,N,0.1,95.9,4.1,,,
H1N1,naive,yes,no,T7723,45794,5,Saturday,1246,38.9,,,,,0,Q,Y,Y,N,N,,Y,N,G,N,N,N,0.2,94.54,5.46,,,
H1N1,naive,yes,no,T7723,45795,6,Sunday,1242,38.6,Y,0,0,,0,Q,N,Y,N,N,,N,N,G,N,N,N,-0.1,94.23,5.77,,,
H1N1,naive,yes,no,T7723,45796,7,Monday,1246,38.9,,,,,0,Q,N,Y,N,N,,N,N,G,N,N,N,0.2,94.54,5.46,,,
H1N1,naive,yes,no,T7723,45797,8,Tuesday,1270,38.1,,0,0,,0,Q,N,Y,N,N,,N,N,G,N,N,N,-0.6,96.36,3.64,,,
H1N1,naive,yes,no,T7723,45798,9,Wednesday,1268,38.5,,,,,0,Q,N,Y,N,N,,N,N,G,N,N,N,-0.2,96.21,3.79,,,
H1N1,naive,yes,no,T7723,45799,10,Thursday,1278,38.5,Y,0,0,,0,B,N,N,N,N,,N,N,G,N,N,N,-0.2,96.97,3.03,,,
H1N1,naive,yes,no,T7723,45800,11,Friday,1274,38.2,,,,,0,B,N,N,N,N,,N,N,G,N,N,,-0.5,96.66,3.34,,,
H1N1,naive,yes,no,T7723,45801,12,Saturday,1276,38.3,,,,,,,,,,,,,,,,,,-0.4,96.81,3.19,,,
H1N1,naive,yes,no,T7723,45802,13,Sunday,1252,38.8,,,,,,,,,,,,,,,,,,0.1,94.99,5.01,,,
H1N1,naive,yes,no,T7723,45803,14,Monday,1258,38.4,,,,,,,,,,,,,,,,,,-0.3,95.45,4.55,,,
H1N1,naive,yes,no,T7723,45804,15,Tuesday,1258,39.2,Y,,,,0,B,N,N,N,N,,N,N,G,N,N,N,0.5,95.45,4.55,,,
H1N1,naive,yes,no,T7724,45785,-4,Thursday,1360,,Y,,,,0,B,N,N,N,N,,N,N,G,N,N,N,,,,,,
H1N1,naive,yes,no,T7724,45789,0,Monday,1350,38.5,Y,,,,0,B,N,N,N,N,,N,N,G,N,N,N,0,100,0,,,
H1N1,naive,yes,no,T7724,45790,1,Tuesday,1256,39.9,Y,2300000,0,,0,B,N,N,N,N,,N,N,G,N,N,N,1.4,93.04,6.96,,,
H1N1,naive,yes,no,T7724,45791,2,Wednesday,1200,38.6,Y,600000,0,,0,B,N,Y,N,N,,N,N,G,N,N,N,0.1,88.89,11.11,,,
H1N1,naive,yes,no,T7724,45792,3,Thursday,1190,38,,,,,0,B,N,N,N,N,,N,N,G,N,N,N,-0.5,88.15,11.85,,,
H1N1,naive,yes,no,T7724,45793,4,Friday,1202,38.5,Y,1700000,0,,0,B,N,Y,N,N,,N,N,G,N,N,N,0,89.04,10.96,,,
H1N1,naive,yes,no,T7724,45794,5,Saturday,1172,39,,,,,0,B,N,Y,N,N,,N,N,G,N,N,N,0.5,86.81,13.19,,,
H1N1,naive,yes,no,T7724,45795,6,Sunday,1152,38.3,Y,0,0,,0,B,N,Y,N,N,,N,N,G,N,N,N,-0.2,85.33,14.67,,,
H1N1,naive,yes,no,T7724,45796,7,Monday,1174,38.5,,,,,0,B,N,Y,N,N,,N,N,G,N,N,N,0,86.96,13.04,,,
H1N1,naive,yes,no,T7724,45797,8,Tuesday,1220,38,,0,0,,0,B,N,Y,N,N,,N,N,G,N,N,N,-0.5,90.37,9.63,,,
H1N1,naive,yes,no,T7724,45798,9,Wednesday,1246,37.7,,,,,0,Q,N,Y,N,N,,N,N,G,N,N,N,-0.8,92.3,7.7,,,
H1N1,naive,yes,no,T7724,45799,10,Thursday,1250,38.6,Y,0,0,,0,B,N,N,N,N,,N,N,G,N,N,N,0.1,92.59,7.41,,,
H1N1,naive,yes,no,T7724,45800,11,Friday,1272,37.3,,,,,0,B,N,N,N,N,,N,N,G,N,N,,-1.2,94.22,5.78,,,
H1N1,naive,yes,no,T7724,45801,12,Saturday,1260,38.3,,,,,,,,,,,,,,,,,,-0.2,93.33,6.67,,,
H1N1,naive,yes,no,T7724,45802,13,Sunday,1248,38.9,,,,,,,,,,,,,,,,,,0.4,92.44,7.56,,,
H1N1,naive,yes,no,T7724,45803,14,Monday,1248,38.5,,,,,,,,,,,,,,,,,,0,92.44,7.56,,,
H1N1,naive,yes,no,T7724,45804,15,Tuesday,1240,38.9,Y,,,,0,B,N,N,N,N,,N,N,G,N,N,N,0.4,91.85,8.15,,,
H1N1_TX37,immune,no,yes,T7719,45877,-4,Friday,1178,,,,,,0,B,N,N,N,N,N,N,N,G,N,N,N,,,,,,
H1N1_TX37,immune,no,yes,T7719,45885,0,Saturday,1184,38.7,Y,,,,0,B,N,N,N,N,N,N,N,G,N,N,N,0,100,0,,,
H1N1_TX37,immune,no,yes,T7719,45886,1,Sunday,1138,41.1,Y,100000,20,0,1,D,N,N,N,N,N,N,N,G,Y,N,N,2.4,96.11486486,3.885135135,,,
H1N1_TX37,immune,no,yes,T7719,45887,2,Monday,1088,39.4,Y,400000,0,0,2,O,Y,Y,Y,N,Y,Y,N,D,Y,N,Y,0.7,91.89189189,8.108108108,yes,2,yellow sera
H1N1_TX37,immune,no,yes,T7723,45877,-4,Friday,1421,,,,,,0,B,N,N,N,N,N,N,N,G,N,N,N,,,,,,
H1N1_TX37,immune,no,yes,T7723,45885,0,Saturday,1426,37.2,Y,,,,0,B,N,N,N,N,N,N,N,G,N,N,N,0,100,0,,,
H1N1_TX37,immune,no,yes,T7723,45886,1,Sunday,1389,40.3,Y,500000,0,0,1,D,N,Y,N,N,N,N,N,G,N,N,N,3.1,97.40532959,2.594670407,,,
H1N1_TX37,immune,no,yes,T7723,45887,2,Monday,1306,39.9,Y,800000,0,0,2,O,Y,N,N,N,N,Y,N,G,N,N,N,2.7,91.58485273,8.415147265,,,
H1N1_TX37,immune,no,yes,T7723,45888,3,Tuesday,1270,39.6,,,,,2,O,Y,N,N,N,N,Y,N,D,N,N,N,2.4,89.06030856,10.93969144,,,"facial sign not pronounced, momentary eye squinting"
H1N1_TX37,immune,no,yes,T7723,45889,4,Wednesday,1248,38.8,Y,2000,0,0,1,D,Y,N,N,N,N,Y,N,G,N,N,N,1.6,87.51753156,12.48246844,,,"facial sign not pronounced, momentary eye squinting"
H1N1_TX37,immune,no,yes,T7723,45890,5,Thursday,1233,40.4,,,,,0,D,Y,N,N,N,N,Y,N,G,N,N,N,3.2,86.46563815,13.53436185,,,"facial sign not pronounced, momentary eye squinting"
H1N1_TX37,immune,no,yes,T7723,45891,6,Friday,1271,39.1,Y,0,0,0,0,D,Y,N,N,N,N,N,N,G,N,N,N,1.9,89.13043478,10.86956522,,,
H1N1_TX37,immune,no,yes,T7723,45892,7,Saturday,1263,38.6,,,,,0,Q,N,N,N,N,N,N,N,G,N,N,N,1.4,88.56942496,11.43057504,,,
H1N1_TX37,immune,no,yes,T7723,45893,8,Sunday,1257,38.9,,0,0,,0,Q,N,N,N,N,N,N,N,G,N,N,N,1.7,88.1486676,11.8513324,,,
H1N1_TX37,immune,no,yes,T7723,45894,9,Monday,1283,38.2,,,,,0,B,N,N,N,N,N,N,N,G,N,N,N,1,89.97194951,10.02805049,,,
H1N1_TX37,immune,no,yes,T7723,45895,10,Tuesday,1274,38.6,Y,,,,0,Q,N,N,N,N,N,N,N,A,N,N,N,1.4,89.34081346,10.65918654,,,
H1N1_TX37,immune,no,yes,T7723,45896,11,Wednesday,1280,38.5,,,,,0,Q,N,N,N,N,N,N,N,G,N,N,N,1.3,89.76157083,10.23842917,,,
H1N1_TX37,immune,no,yes,T7723,45897,12,Thursday,1281,37,,,,,0,Q,N,N,N,N,N,N,N,G,N,N,N,-0.2,89.83169705,10.16830295,,,
H1N1_TX37,immune,no,yes,T7723,45898,13,Friday,1295,37.5,,,,,0,Q,N,N,N,N,N,N,N,G,N,N,N,0.3,90.81346424,9.186535764,,,
H1N1_TX37,immune,no,yes,T7723,45899,14,Saturday,,,,,,,,,,,,,,,,,,,,,,,,,
H1N1_TX37,immune,no,yes,T7723,45902,17,Tuesday,1282,37,Y,,,,0,Q,N,N,N,N,N,N,N,G,N,N,N,,,,,,
H1N1_TX37,immune,no,yes,T7724,45877,-4,Friday,1340,,,,,,0,B,N,N,N,N,N,N,N,G,N,N,N,,,,,,
H1N1_TX37,immune,no,yes,T7724,45885,0,Saturday,1347,39,Y,,,,0,B,N,N,N,N,N,N,N,G,N,N,N,0,100,0,,,
H1N1_TX37,immune,no,yes,T7724,45886,1,Sunday,1301,40.8,Y,30000,0,0,1,D,N,N,N,Y,N,N,N,G,N,N,N,1.8,96.58500371,3.414996288,,,decreased grooming (poop)
H1N1_TX37,immune,no,yes,T7724,45887,2,Monday,1263,40.1,Y,200000,30,0,1,D,Y,N,N,N,N,N,N,G,Y,N,N,1.1,93.76391982,6.236080178,,,
H1N1_TX37,immune,no,yes,T7724,45888,3,Tuesday,1230,39.7,,,,,1,D,Y,N,N,N,N,N,N,G,Y,N,N,0.7,91.31403118,8.68596882,,,
H1N1_TX37,immune,no,yes,T7724,45889,4,Wednesday,1210,39.1,Y,20000,40,0,1,D,Y,N,N,N,N,N,N,G,Y,N,N,0.1,89.82925019,10.17074981,,,
H1N1_TX37,immune,no,yes,T7724,45890,5,Thursday,1196,38.5,,,,,0,D,Y,N,N,N,N,N,N,G,N,N,N,-0.5,88.78990349,11.21009651,,,
H1N1_TX37,immune,no,yes,T7724,45891,6,Friday,1170,38.3,Y,0,0,0,0,D,Y,N,N,N,N,N,N,G,N,N,N,-0.7,86.8596882,13.1403118,,,
H1N1_TX37,immune,no,yes,T7724,45892,7,Saturday,1139,39.9,,,,,0,D,N,N,N,N,N,N,N,G,N,N,N,0.9,84.55827765,15.44172235,,,
H1N1_TX37,immune,no,yes,T7724,45893,8,Sunday,1138,37.6,,0,0,,0,Q,Y,N,N,N,N,N,N,G,N,N,N,-1.4,84.4840386,15.5159614,,,
H1N1_TX37,immune,no,yes,T7724,45894,9,Monday,1039,37,,,,,0,B,N,N,N,N,N,N,N,G,N,N,N,-2,77.13437268,22.86562732,,,
H1N1_TX37,immune,no,yes,T7724,45895,10,Tuesday,1095,37.9,Y,,,,0,B,N,N,N,Y,N,N,N,A,N,N,N,-1.1,81.29175947,18.70824053,,,decreased grooming (poop)
H1N1_TX37,immune,no,yes,T7724,45896,11,Wednesday,1026,37.8,,,,,0,Q,N,N,N,Y,N,N,N,A,N,N,N,-1.2,76.16926503,23.83073497,yes,11,"ruffled hair, shivering"
H5_MI90,naive,yes,no,T7728,45877,-4,Friday,1092,,,,,,0,B,N,N,N,N,N,N,N,G,N,N,N,,,,,,
H5_MI90,naive,yes,no,T7728,45885,0,Saturday,1097,38,Y,,,,0,B,N,N,N,N,N,N,N,G,N,N,N,0,100,0,,,
H5_MI90,naive,yes,no,T7728,45886,1,Sunday,1096,40.1,Y,1200000,0,0,0,Q,N,N,N,N,N,N,N,G,N,N,N,2.1,99.9088423,0.091157703,,,
H5_MI90,naive,yes,no,T7728,45887,2,Monday,1057,39.4,Y,200000,0,0,0,Q,N,N,N,N,N,N,N,G,N,N,N,1.4,96.35369189,3.646308113,,,
H5_MI90,naive,yes,no,T7728,45888,3,Tuesday,1020,38,,,,,0,Q,N,N,N,N,N,N,N,G,N,N,N,0,92.98085688,7.019143118,,,
H5_MI90,naive,yes,no,T7728,45889,4,Wednesday,1000,39.6,Y,290000,0,0,0,Q,Y,N,N,N,N,N,N,G,N,N,N,1.6,91.15770283,8.842297174,,,
H5_MI90,naive,yes,no,T7728,45890,5,Thursday,976,38.1,,,,,0,B,N,N,N,N,N,N,N,G,N,N,N,0.1,88.96991796,11.03008204,,,
H5_MI90,naive,yes,no,T7728,45891,6,Friday,967,38.3,Y,17000,40,0,0,Q,N,N,N,N,N,N,N,G,N,N,N,0.3,88.14949863,11.85050137,,,
H5_MI90,naive,yes,no,T7728,45892,7,Saturday,969,37.5,,,,,0,B,N,N,N,N,N,N,N,G,N,N,N,-0.5,88.33181404,11.66818596,,,
H5_MI90,naive,yes,no,T7728,45893,8,Sunday,984,37.5,,0,0,,0,B,N,N,N,N,N,N,N,G,N,N,N,-0.5,89.69917958,10.30082042,,,
H5_MI90,naive,yes,no,T7728,45894,9,Monday,990,38.5,,,,,0,B,N,N,N,N,N,N,N,G,N,N,N,0.5,90.2461258,9.753874202,,,
H5_MI90,naive,yes,no,T7728,45895,10,Tuesday,991,38.6,Y,,,,0,B,N,N,N,N,N,N,N,G,N,N,N,0.6,90.3372835,9.6627165,,,
H5_MI90,naive,yes,no,T7728,45896,11,Wednesday,1000,38.2,,,,,0,B,N,N,N,N,N,N,N,G,N,N,N,0.2,91.15770283,8.842297174,,,
H5_MI90,naive,yes,no,T7728,45897,12,Thursday,982,38.9,,,,,0,B,N,N,N,N,N,N,N,G,N,N,N,0.9,89.51686418,10.48313582,,,
H5_MI90,naive,yes,no,T7728,45898,13,Friday,999,37.1,,,,,0,B,N,N,N,N,N,N,N,G,N,N,N,-0.9,91.06654512,8.933454877,,,
H5_MI90,naive,yes,no,T7728,45899,14,Saturday,,,,,,,,,,,,,,,,,,,,,,,,,
H5_MI90,naive,yes,no,T7728,45902,15,Tuesday,987,38.5,Y,,,,0,B,N,N,N,N,N,N,N,G,N,N,N,,,,,,
H5_MI90,naive,yes,no,T7729,45877,-4,Friday,1480,,,,,,0,B,N,N,N,N,N,N,N,G,N,N,N,,,,,,
H5_MI90,naive,yes,no,T7729,45885,0,Saturday,1483,39,Y,,,,0,B,N,N,N,N,N,N,N,G,N,N,N,0,100,0,,,
H5_MI90,naive,yes,no,T7729,45886,1,Sunday,1443,40.9,Y,400000,0,0,0,Q,N,N,N,N,N,N,N,G,N,N,N,1.9,97.30276467,2.697235334,,,
H5_MI90,naive,yes,no,T7729,45887,2,Monday,1371,40.3,Y,40000,0,0,0,Q,N,N,N,N,N,N,N,G,N,N,N,1.3,92.44774107,7.552258935,,,
H5_MI90,naive,yes,no,T7729,45888,3,Tuesday,1348,39,,,,,0,Q,N,N,N,N,N,N,N,G,N,N,N,0,90.89683075,9.103169252,,,
H5_MI90,naive,yes,no,T7729,45889,4,Wednesday,1347,40.1,Y,150000,0,0,0,Q,N,N,N,N,N,N,N,G,N,N,N,1.1,90.82939987,9.170600135,,,
H5_MI90,naive,yes,no,T7729,45890,5,Thursday,1348,39.8,,,,,0,B,N,N,N,N,N,N,N,G,N,N,N,0.8,90.89683075,9.103169252,,,
H5_MI90,naive,yes,no,T7729,45891,6,Friday,1410,39.4,Y,500,0,0,0,Q,N,N,N,N,N,N,N,G,N,N,N,0.4,95.07754552,4.922454484,,,
H5_MI90,naive,yes,no,T7729,45892,7,Saturday,1409,38.2,,,,,0,Q,N,N,N,N,N,N,N,G,N,N,N,-0.8,95.01011463,4.989885367,,,
H5_MI90,naive,yes,no,T7729,45893,8,Sunday,1403,39.3,,0,0,,0,B,N,N,N,N,N,N,N,G,N,N,N,0.3,94.60552933,5.394470668,,,
H5_MI90,naive,yes,no,T7729,45894,9,Monday,1410,38.2,,,,,0,B,N,N,N,N,N,N,N,G,N,N,N,-0.8,95.07754552,4.922454484,,,
H5_MI90,naive,yes,no,T7729,45895,10,Tuesday,1412,39.1,Y,,,,0,B,N,N,N,N,N,N,N,G,N,N,N,0.1,95.21240728,4.787592717,,,
H5_MI90,naive,yes,no,T7729,45896,11,Wednesday,1427,38.7,,,,,0,B,N,N,N,N,N,N,N,G,N,N,N,-0.3,96.22387053,3.776129467,,,
H5_MI90,naive,yes,no,T7729,45897,12,Thursday,1436,39,,,,,0,B,N,N,N,N,N,N,N,G,N,N,N,0,96.83074848,3.169251517,,,
H5_MI90,naive,yes,no,T7729,45898,13,Friday,1440,37,,,,,0,B,N,N,N,N,N,N,N,G,N,N,N,-2,97.10047202,2.899527984,,,
H5_MI90,naive,yes,no,T7729,45899,14,Saturday,,,,,,,,,,,,,,,,,,,,,,,,,
H5_MI90,naive,yes,no,T7729,45902,15,Tuesday,1448,39,Y,,,,0,B,N,N,N,N,N,N,N,G,N,N,N,,,,,,
H5_MI90,naive,yes,no,T7730,45877,-4,Friday,1341,,,,,,0,B,N,N,N,N,N,N,N,G,N,N,N,,,,,,
H5_MI90,naive,yes,no,T7730,45885,0,Saturday,1340,37.8,Y,,,,0,B,N,N,N,N,N,N,N,G,N,N,N,0,100,0,,,
H5_MI90,naive,yes,no,T7730,45886,1,Sunday,1330,39.5,Y,130000,40,0,0,B,N,N,N,N,N,N,N,G,N,N,N,1.7,99.25373134,0.746268657,,,
H5_MI90,naive,yes,no,T7730,45887,2,Monday,1317,38.2,Y,480000,0,0,0,Q,N,N,N,N,N,N,N,G,N,N,N,0.4,98.28358209,1.71641791,,,
H5_MI90,naive,yes,no,T7730,45888,3,Tuesday,1311,39.9,,,,,0,Q,N,N,N,N,N,N,N,G,N,N,N,2.1,97.8358209,2.164179104,,,
H5_MI90,naive,yes,no,T7730,45889,4,Wednesday,1299,38.8,Y,330000,0,0,0,Q,N,N,N,N,N,N,N,G,N,N,N,1,96.94029851,3.059701493,,,
H5_MI90,naive,yes,no,T7730,45890,5,Thursday,1280,39,,,,,0,B,N,N,N,N,N,N,N,G,N,N,N,1.2,95.52238806,4.47761194,,,
H5_MI90,naive,yes,no,T7730,45891,6,Friday,1274,38.6,Y,1200,0,0,0,Q,N,N,N,N,N,N,N,G,N,N,N,0.8,95.07462687,4.925373134,,,
H5_MI90,naive,yes,no,T7730,45892,7,Saturday,1285,37.4,,,,,0,Q,N,N,N,N,N,N,N,G,N,N,N,-0.4,95.89552239,4.104477612,,,
H5_MI90,naive,yes,no,T7730,45893,8,Sunday,1292,38.8,,0,0,,0,B,N,N,N,N,N,N,N,G,N,N,N,1,96.41791045,3.582089552,,,
H5_MI90,naive,yes,no,T7730,45894,9,Monday,1290,38.3,,,,,0,B,N,N,N,N,N,N,N,G,N,N,N,0.5,96.26865672,3.731343284,,,
H5_MI90,naive,yes,no,T7730,45895,10,Tuesday,1286,38.4,Y,,,,0,B,N,N,N,N,N,N,N,G,N,N,N,0.6,95.97014925,4.029850746,,,
H5_MI90,naive,yes,no,T7730,45896,11,Wednesday,1297,38.4,,,,,0,B,N,N,N,N,N,N,N,G,N,N,N,0.6,96.79104478,3.208955224,,,
H5_MI90,naive,yes,no,T7730,45897,12,Thursday,1306,38.8,,,,,0,B,N,N,N,N,N,N,N,G,N,N,N,1,97.46268657,2.537313433,,,
H5_MI90,naive,yes,no,T7730,45898,13,Friday,1299,37.7,,,,,0,B,N,N,N,N,N,N,N,G,N,N,N,-0.1,96.94029851,3.059701493,,,
H5_MI90,naive,yes,no,T7730,45899,14,Saturday,,,,,,,,,,,,,,,,,,,,,,,,,
H5_MI90,naive,yes,no,T7730,45902,15,Tuesday,1311,37.7,Y,,,,0,B,N,N,N,N,N,N,N,G,N,N,N,,,,,,
H5_TX37,naive,yes,yes,T7725,45877,-4,Friday,1422,,Y,,,,0,Q,N,N,N,N,N,N,N,G,N,N,N,,,,,,
H5_TX37,naive,yes,yes,T7725,45885,0,Saturday,1417,38,Y,,,,0,Q,N,N,N,N,N,N,N,G,N,N,N,0,100,0,,,
H5_TX37,naive,yes,yes,T7725,45886,1,Sunday,1357,41,Y,17000000,0,10,1,D,N,N,N,N,N,N,N,G,N,N,N,3,95.76570219,4.234297812,,,
H5_TX37,naive,yes,yes,T7725,45887,2,Monday,1296,40.1,Y,14000000,40,220,2,S,Y,N,N,N,Y,Y,N,G,N,N,N,2.1,91.46083275,8.539167255,yes,2,
H5_TX37,naive,yes,yes,T7726,45877,-4,Friday,1532,,Y,,,,0,Q,N,N,N,N,N,N,N,G,N,N,N,,,,,,
H5_TX37,naive,yes,yes,T7726,45885,0,Saturday,1525,38.5,Y,,,,0,Q,N,N,N,N,N,N,N,G,N,N,N,0,100,0,,,
H5_TX37,naive,yes,yes,T7726,45886,1,Sunday,1461,39.3,Y,4000000,0,20,1,D,N,N,N,N,N,N,N,G,N,N,N,0.8,95.80327869,4.196721311,,,
H5_TX37,naive,yes,yes,T7726,45887,2,Monday,1378,40.3,Y,3000000,10,10,2,S,Y,N,N,Y,Y,Y,N,G,Y,N,N,1.8,90.36065574,9.639344262,yes,2,
H5_TX37,naive,yes,yes,T7727,45877,-4,Friday,1455,,Y,,,,0,Q,N,N,N,N,N,N,N,G,N,N,N,,,,,,
H5_TX37,naive,yes,yes,T7727,45885,0,Saturday,1457,39,Y,,,,0,Q,N,N,N,N,N,N,N,G,N,N,N,0,100,0,,,
H5_TX37,naive,yes,yes,T7727,45886,1,Sunday,1422,41.2,Y,13000000,560,0,1,D,N,N,N,N,N,N,N,G,N,N,N,2.2,97.59780371,2.402196294,,,
H5_TX37,naive,yes,yes,T7727,45887,2,Monday,1337,40.3,Y,8000000,360,40,1,D,Y,N,N,N,N,N,N,D,Y,N,N,1.3,91.76389842,8.236101579,yes,2,
H3N2,naive,yes,no,T7720,45785,-4,Thursday,1278,,Y,,,,0,B,N,N,N,N,,N,N,G,N,N,N,,,,,,
H3N2,naive,yes,no,T7720,45789,0,Monday,1256,39.3,Y,,,,0,B,N,N,N,N,,N,N,G,N,N,N,0,100,0,,,
H3N2,naive,yes,no,T7720,45790,1,Tuesday,1248,39.6,Y,105000,0,,0,B,N,N,N,N,,N,N,G,N,N,N,0.3,99.36,0.64,,,
H3N2,naive,yes,no,T7720,45791,2,Wednesday,1200,40,Y,25000,0,,0,D,N,Y,N,N,,N,N,G,N,N,N,0.7,95.54,4.46,,,
H3N2,naive,yes,no,T7720,45792,3,Thursday,1170,38.2,,,,,0,B,N,N,N,N,,N,N,G,N,N,N,-1.1,93.15,6.85,,,
H3N2,naive,yes,no,T7720,45793,4,Friday,1206,38.8,Y,5500,0,,0,B,N,N,N,N,,N,N,G,N,N,N,-0.5,96.02,3.98,,,
H3N2,naive,yes,no,T7720,45794,5,Saturday,1190,38.7,,,,,0,B,N,N,N,N,,N,N,G,N,N,N,-0.6,94.75,5.25,,,
H3N2,naive,yes,no,T7720,45795,6,Sunday,1188,39.1,Y,1000,0,,0,B,N,N,N,N,,N,N,G,N,N,N,-0.2,94.59,5.41,,,
H3N2,naive,yes,no,T7720,45796,7,Monday,1170,39.1,,,,,0,B,N,N,N,N,,N,N,G,N,N,N,-0.2,93.15,6.85,,,
H3N2,naive,yes,no,T7720,45797,8,Tuesday,1189,39.1,,0,0,,0,B,N,N,N,N,,N,N,G,N,N,N,-0.2,94.67,5.33,,,
H3N2,naive,yes,no,T7720,45798,9,Wednesday,1160,39.4,,,,,0,B,N,N,N,N,,N,N,G,N,N,N,0.1,92.36,7.64,,,
H3N2,naive,yes,no,T7720,45799,10,Thursday,1170,39.4,Y,0,0,,0,B,N,N,N,N,,N,N,G,N,N,N,0.1,93.15,6.85,,,
H3N2,naive,yes,no,T7720,45800,11,Friday,1154,39.3,,,,,0,B,N,N,N,N,,N,N,G,N,N,N,0,91.88,8.12,,,
H3N2,naive,yes,no,T7720,45801,12,Saturday,1160,38.5,,,,,,,,,,,,,,,,,,-0.8,92.36,7.64,,,
H3N2,naive,yes,no,T7720,45802,13,Sunday,1158,38.6,,,,,,,,,,,,,,,,,,-0.7,92.2,7.8,,,
H3N2,naive,yes,no,T7720,45803,14,Monday,1146,38.5,,,,,,,,,,,,,,,,,,-0.8,91.24,8.76,,,
H3N2,naive,yes,no,T7720,45804,15,Tuesday,1141,39.5,Y,,,,0,B,N,N,N,N,,N,N,G,N,N,N,0.2,90.84,9.16,,,
H3N2,naive,yes,no,T7721,45785,-4,Thursday,1080,,Y,,,,0,B,N,N,N,N,,N,N,G,N,N,N,,,,,,
H3N2,naive,yes,no,T7721,45789,0,Monday,1066,39.4,Y,,,,0,B,N,N,N,N,,N,N,G,N,N,N,0,100,0,,,
H3N2,naive,yes,no,T7721,45790,1,Tuesday,1054,39.5,Y,25000000,0,,0,B,N,N,N,N,,N,N,G,N,N,N,0.1,98.87,1.13,,,
H3N2,naive,yes,no,T7721,45791,2,Wednesday,1022,40.1,Y,550000,0,,0,B,N,Y,N,N,,N,N,G,N,N,N,0.7,95.87,4.13,,,
H3N2,naive,yes,no,T7721,45792,3,Thursday,990,38.5,,,,,0,B,N,Y,N,N,,N,N,G,N,N,N,-0.9,92.87,7.13,,,
H3N2,naive,yes,no,T7721,45793,4,Friday,1004,39.1,Y,10000,0,,0,B,N,N,N,N,,N,N,G,N,N,N,-0.3,94.18,5.82,,,
H3N2,naive,yes,no,T7721,45794,5,Saturday,1010,38.6,,,,,0,B,N,N,N,N,,N,N,G,N,N,N,-0.8,94.75,5.25,,,
H3N2,naive,yes,no,T7721,45795,6,Sunday,1000,39.1,Y,0,0,,0,B,N,Y,N,N,,N,N,A,N,N,N,-0.3,93.81,6.19,,,
H3N2,naive,yes,no,T7721,45796,7,Monday,1000,39.2,,,,,0,B,N,Y,N,N,,N,N,G,N,N,N,-0.2,93.81,6.19,,,
H3N2,naive,yes,no,T7721,45797,8,Tuesday,990,38.8,,0,0,,0,B,N,N,N,N,,N,N,G,N,N,N,-0.6,92.87,7.13,,,
H3N2,naive,yes,no,T7721,45798,9,Wednesday,990,39.1,,,,,0,B,N,N,N,N,,N,N,G,N,N,N,-0.3,92.87,7.13,,,
H3N2,naive,yes,no,T7721,45799,10,Thursday,966,39.1,Y,0,0,,0,B,N,N,N,N,,N,N,G,N,N,N,-0.3,90.62,9.38,,,
H3N2,naive,yes,no,T7721,45800,11,Friday,972,38.9,,,,,0,B,N,N,N,N,,N,N,G,N,N,N,-0.5,91.18,8.82,,,
H3N2,naive,yes,no,T7721,45801,12,Saturday,960,39.2,,,,,,,,,,,,,,,,,,-0.2,90.06,9.94,,,
H3N2,naive,yes,no,T7721,45802,13,Sunday,958,39.1,,,,,,,,,,,,,,,,,,-0.3,89.87,10.13,,,
H3N2,naive,yes,no,T7721,45803,14,Monday,970,39,,,,,,,,,,,,,,,,,,-0.4,90.99,9.01,,,
H3N2,naive,yes,no,T7721,45804,15,Tuesday,960,39.4,Y,,,,0,B,N,N,N,N,,N,N,G,N,N,N,0,90.06,9.94,,,
H3N2,naive,yes,no,T7722,45785,-4,Thursday,1550,,Y,,,,0,B,N,N,N,N,,N,N,G,N,N,N,,,,,,
H3N2,naive,yes,no,T7722,45789,0,Monday,1539,39.4,Y,,,,0,B,N,N,N,N,,N,N,G,N,N,N,0,100,0,,,
H3N2,naive,yes,no,T7722,45790,1,Tuesday,1520,39.5,Y,1350000,0,,0,B,N,N,N,N,,N,N,G,N,N,N,0.1,98.77,1.23,,,
H3N2,naive,yes,no,T7722,45791,2,Wednesday,1464,39.5,Y,6000000,0,,1.5,O,N,Y,Y,N,,Y,N,A,N,N,N,0.1,95.13,4.87,,,
H3N2,naive,yes,no,T7722,45792,3,Thursday,1416,38.4,,,,,1,D,N,Y,N,N,,N,N,A,N,N,N,-1,92.01,7.99,,,
H3N2,naive,yes,no,T7722,45793,4,Friday,1384,39.1,Y,60000,0,,0,B,N,N,N,N,,N,N,G,N,N,N,-0.3,89.93,10.07,,,
H3N2,naive,yes,no,T7722,45794,5,Saturday,1356,39,,,,,0,B,N,Y,N,N,,N,N,G,N,N,N,-0.4,88.11,11.89,,,
H3N2,naive,yes,no,T7722,45795,6,Sunday,1330,38.9,Y,450,0,,0,Q,N,Y,N,N,,N,N,G,N,N,N,-0.5,86.42,13.58,,,
H3N2,naive,yes,no,T7722,45796,7,Monday,1322,39.8,,,,,0,Q,N,Y,N,Y,,N,N,A,N,N,N,0.4,85.9,14.1,,,decreased grooming
H3N2,naive,yes,no,T7722,45797,8,Tuesday,1280,39.1,,0,0,,0,B,N,Y,N,Y,,N,N,G,N,N,N,-0.3,83.17,16.83,,,decreased grooming
H3N2,naive,yes,no,T7722,45798,9,Wednesday,1282,39.9,,,,,0,B,N,N,N,N,,N,N,G,N,N,N,0.5,83.3,16.7,,,
H3N2,naive,yes,no,T7722,45799,10,Thursday,1320,39.4,Y,0,0,,0,B,N,N,N,N,,N,N,G,N,N,N,0,85.77,14.23,,,
H3N2,naive,yes,no,T7722,45800,11,Friday,1336,38.5,,,,,0,Q,N,N,N,N,,N,N,G,N,N,N,-0.9,86.81,13.19,,,
H3N2,naive,yes,no,T7722,45801,12,Saturday,1330,39.5,,,,,,,,,,,,,,,,,,0.1,86.42,13.58,,,
H3N2,naive,yes,no,T7722,45802,13,Sunday,1370,38.2,,,,,,,,,,,,,,,,,,-1.2,89.02,10.98,,,
H3N2,naive,yes,no,T7722,45803,14,Monday,1376,38.8,,,,,,,,,,,,,,,,,,-0.6,89.41,10.59,,,
H3N2,naive,yes,no,T7722,45804,15,Tuesday,1350,39.6,Y,,,,0,B,N,N,N,N,,N,N,G,N,N,N,0.2,87.72,12.28,,,
H3N2_TX37,immune,no,yes,T7720,45877,-4,Friday,1098,,,,,,0,B,N,N,N,N,N,N,N,G,N,N,N,,,,,,
H3N2_TX37,immune,no,yes,T7720,45885,0,Saturday,1091,39,Y,,,,0,B,N,N,N,N,N,N,N,G,N,N,N,0,100,0,,,
H3N2_TX37,immune,no,yes,T7720,45886,1,Sunday,1084,40.4,Y,130000,80,0,0,Q,N,N,N,N,N,N,N,G,N,N,N,1.4,99.3583868,0.641613199,,,
H3N2_TX37,immune,no,yes,T7720,45887,2,Monday,1021,40.6,Y,1100000,0,0,1,O,Y,N,N,N,N,N,N,G,N,N,N,1.6,93.58386801,6.416131989,,,
H3N2_TX37,immune,no,yes,T7720,45888,3,Tuesday,987,38.3,,,,,1,D,Y,N,N,N,N,N,N,G,N,N,N,-0.7,90.46746104,9.532538955,,,
H3N2_TX37,immune,no,yes,T7720,45889,4,Wednesday,958,38.5,Y,300000,240,0,1,D,Y,N,N,N,N,N,N,G,N,N,N,-0.5,87.80934922,12.19065078,,,
H3N2_TX37,immune,no,yes,T7720,45890,5,Thursday,937,40.1,,,,,0,Q,Y,N,N,N,N,N,N,G,N,N,N,1.1,85.88450962,14.11549038,,,
H3N2_TX37,immune,no,yes,T7720,45891,6,Friday,930,39.6,Y,400,120,0,1,D,Y,N,N,N,N,Y,N,G,N,N,N,0.6,85.24289643,14.75710357,,,
H3N2_TX37,immune,no,yes,T7720,45892,7,Saturday,857,38.7,,,,,0,Q,Y,N,N,N,N,N,N,G,N,N,N,-0.3,78.55178735,21.44821265,,,
H3N2_TX37,immune,no,yes,T7720,45893,8,Sunday,826,38.5,Y,0,0,,1,D,Y,N,N,N,N,Y,Y,G,N,N,N,-0.5,75.71035747,24.28964253,yes,8,"ears pulled, whiskers, weak legs"
H3N2_TX37,immune,no,yes,T7721,45877,-4,Friday,1015,,,,,,0,B,N,N,N,N,N,N,N,G,N,N,N,,,,,,
H3N2_TX37,immune,no,yes,T7721,45885,0,Saturday,1017,38.7,Y,,,,0,B,N,N,N,N,N,N,N,G,N,N,N,0,100,0,,,
H3N2_TX37,immune,no,yes,T7721,45886,1,Sunday,1002,40.7,Y,180000,20,0,1,Q,N,N,N,N,N,N,N,G,N,N,N,2,98.52507375,1.474926254,,,
H3N2_TX37,immune,no,yes,T7721,45887,2,Monday,912,39.9,Y,1500000,50,0,1,O,Y,N,N,N,N,N,N,G,N,N,Y,1.2,89.67551622,10.32448378,,,yellow sera
H3N2_TX37,immune,no,yes,T7721,45888,3,Tuesday,909,40,,,,,1,D,Y,N,N,N,N,N,N,G,N,N,N,1.3,89.38053097,10.61946903,,,
H3N2_TX37,immune,no,yes,T7721,45889,4,Wednesday,888,39.1,Y,1400000,0,0,1,D,Y,N,N,Y,N,N,N,D,N,N,Y,0.4,87.31563422,12.68436578,,,"yellow sera, decreased grooming (poop)"
H3N2_TX37,immune,no,yes,T7721,45890,5,Thursday,866,40,,,,,0,Q,Y,N,N,N,N,N,N,G,N,N,N,1.3,85.15240905,14.84759095,,,
H3N2_TX37,immune,no,yes,T7721,45891,6,Friday,829,39.7,Y,16000,0,0,0,Q,Y,N,N,N,N,N,N,G,N,N,Y,1,81.51425762,18.48574238,,,yellow sera
H3N2_TX37,immune,no,yes,T7721,45892,7,Saturday,781,37.8,Y,450,,,2,O,Y,N,N,N,N,Y,Y,D,Y,N,Y,-0.9,76.79449361,23.20550639,yes,7,"yellow sera, very weak legs"
H3N2_TX37,immune,no,yes,T7722,45877,-4,Friday,1429,,,,,,0,B,N,N,N,N,N,N,N,G,N,N,N,,,,,,
H3N2_TX37,immune,no,yes,T7722,45885,0,Saturday,1436,38.4,Y,,,,0,B,N,N,N,N,N,N,N,G,N,N,N,0,100,0,,,
H3N2_TX37,immune,no,yes,T7722,45886,1,Sunday,1425,40,Y,1700000,0,0,1,D,N,N,N,N,N,N,N,G,N,N,N,1.6,99.23398329,0.766016713,,,
H3N2_TX37,immune,no,yes,T7722,45887,2,Monday,1345,39.2,Y,5000000,0,0,2,O,N,N,N,N,N,N,N,G,N,N,N,0.8,93.66295265,6.337047354,,,
H3N2_TX37,immune,no,yes,T7722,45888,3,Tuesday,1295,39.2,,,,,2,O,N,N,N,N,Y,N,N,G,N,N,N,0.8,90.1810585,9.818941504,,,
H3N2_TX37,immune,no,yes,T7722,45889,4,Wednesday,1252,36.1,Y,10000000,80,330,2,S,Y,N,N,N,Y,Y,N,G,Y,N,N,-2.3,87.18662953,12.81337047,yes,4,
